Start,End,Title
0:00,0:26,Our First Obligation Is Prayer
0:28,1:04,Do Not Be Offended by the World’s Indifference
1:05,1:43,Do Not Pay Too Much Attention to Distant Critics
1:45,2:14,When Criticism Comes from Those Closest to Us
2:15,2:37,Providence Shows Us How to Behave
2:39,3:05,This Crisis Is Not Something Completely New
3:07,3:37,"Wherever Christ Is, There Will Be Division"
3:41,4:29,The World Rejects the Real Christ
4:32,4:44,They Hated Christ First
4:46,5:34,Christ Is the Source of Authority
5:37,6:14,Look Upon the Cross and See the Answer
6:17,6:26,Charity Is Not Supposed to Be Easy
6:30,7:21,Love of God Must Be Above Everything
7:25,8:04,We Must Move Forward Regardless of the World
8:07,8:40,Christ Was Never Here for a Popularity Contest
8:42,9:32,We Have a Higher Calling
9:33,10:12,"If We Know the Truth, We Must Have Compassion"
10:15,11:08,Fight for the Souls of Those in Darkness
11:11,11:41,Preach Christ by Your Actions
11:48,12:09,Choose the Faith No Matter What
12:13,12:45,"Not My Will, but Thine Be Done"
12:47,13:32,Let Christ Work Through Your Weakness
13:35,14:04,Charity Must Reign in Everything We Do
14:06,14:38,God Will Give the Grace That Is Necessary
14:39,15:19,Look Upon the Crucifix and Go to Mass
15:20,15:44,Become Vessels of the Love of God
15:50,16:11,Start Each Day United to the Sacrifice of the Mass
16:12,16:42,"Do Not Get Discouraged, Fearful, or Angry"
16:44,17:17,What Right Do We Have to Complain?
17:17,17:49,Share in the Sacrificial Love of Christ
17:50,18:04,"Forgive, Pray, and Sacrifice for Our Enemies"
